{"cameraMode":{"drawMode":0,"name":"Shaded","section":"Shading Mode"},"sceneLighting":true,"audioPlay":false,"sceneViewState":{"m_AlwaysRefresh":false,"showFog":true,"showSkybox":true,"showFlares":true,"showImageEffects":true,"showParticleSystems":true,"showVisualEffectGraphs":true,"m_FxEnabled":true},"in2DMode":false,"pivot":{"x":0.09820103645324707,"y":1.9326510429382325,"z":-0.5533466339111328},"rotation":{"x":-0.1433461606502533,"y":0.8553095459938049,"z":-0.32517725229263308,"w":-0.37704360485076907},"size":4.017600059509277,"orthographic":false}